10.6596071,12.7078126,4.944295372,12.46609067,6.401173457,12.87055587,2.71847872,17.30615616,13.97662186,28.07234374,33.05221632,26.67840618,10.87926414,5.343899314,3.676783328,8.972278283,3.910122042,7.570015165,3.797006463,5.127951558,4.823006311,3.967045671,4.370327684,6.971603224,3.946222257,1.943455423,5.279873803,4.985318719,4.755845922,7.142239776,8.421413619,7.688807256,3.79587307,4.564515158,3.24886199,3.746274589,2.536784358,4.003841965,5.509976762,8.045622263,9.43447718,13.05050306,13.38332914,8.646311405,5.007724656,5.095417819,3.357328313,5.961476297,4.575220016,6.917526003,6.471558783,8.153146252,9.812296098,5.919744591,5.109691095,8.82995464,7.935008965,12.30006852,17.31150671,16.8677669,11.85343198,6.370932834,9.276644783,8.78181226,6.493563289,4.235578584,3.594720594,5.883959218,5.102772626,3.589916472,3.474831072,6.221397905,5.092424812,1.393144186,4.507583101,9.001145461,8.625883788,9.584266038,6.178386236,6.98327584,4.611904684,5.426792359,9.742513021,12.14410298,10.2276587,7.532965483,6.491698185,6.70486274,6.045035385,8.843003757,4.108580757,7.330846737,6.042067938,12.17773157,18.94525337,17.9755288,13.5867792,14.92606967,20.47261419,24.2817167,23.56565485,19.45087874,15.18311117,15.63411985,23.76160628,15.29469007,6.26968588,6.792029656,12.73953281,9.32096415,3.791662117,6.822092764,11.99114498,8.998445541,3.559225841,4.015817611,7.887427827,9.741239497,7.65176014,9.006018904,11.80000913,9.13600327,2.650264855,3.454444282,8.205498272,9.434132475,7.548519935,7.815501273,8.059269502,5.937287815,2.31509438,2.006281895,6.680462027,10.13529779,3.28528372,3.320678977,6.196933556,5.711241482,3.121312269,4.358641021,7.358445795,7.798323565,2.944228717,3.185912934,3.392869915,5.514004172,3.253841199,3.946028844,5.736768932,6.117529291,3.701831061,3.895069054,4.753734532,7.003535859,4.166771069,6.93657088,8.839310536,8.25110557,3.011461661,4.590579293,3.989994688,7.144914366,4.861183264,6.153993198,6.98135634,3.003223911,2.392232234,4.322975637,5.791307361,5.172231416,3.650815013,6.118390942,5.784717495,6.189004069,4.706394755,3.892848707,3.713739125,4.504281702,1.67636623,3.886094712,2.936698643,3.551664295,3.442775603,2.240151571,3.149820103,3.390403363,4.011415075,2.948888596,2.765999088,5.188514062,3.108314103,4.445633957,4.231962219,3.998221995,5.596357803,3.968884663,4.242110825,6.474413032,5.405617051,2.93131676
5.623670217,12.43750213,7.4217376,6.826808149,6.063045512,5.621521855,1.953955108,8.618714568,12.02713374,15.48844519,17.35233659,13.26371988,5.925629077,0.3603143325,2.016512943,6.236515856,3.146244737,6.187507309,4.214811718,4.613047354,4.773081718,3.438105022,5.529608032,6.241507389,4.382222002,3.375398119,4.460502574,6.260932672,6.070882082,6.71962576,7.844684032,6.620880668,1.505871449,4.994998975,3.295276322,2.88302725,2.271673773,3.308481237,5.38747602,6.231935678,7.592138739,9.206381299,9.843348828,7.468545226,3.718938851,6.133261215,1.919756121,5.860214101,1.324116922,5.935846255,4.864825023,7.171139069,5.673114388,6.045253454,1.726006244,5.629431957,6.290895547,12.93669236,15.31268166,13.54248856,8.454896265,4.479932403,6.861956755,9.884829088,6.211655337,6.725099572,5.392063879,6.614845406,5.814785575,5.422405753,6.002647848,6.908087184,6.174608103,2.970535308,6.213660567,9.695001186,9.222372953,6.680804713,5.637759739,6.426495452,5.961013679,3.198165792,6.992728355,11.56207901,13.73238534,10.35850252,6.97775195,6.342418157,4.316546262,2.355069074,2.212535684,7.485751002,10.12692091,9.523261105,12.48490275,18.6908829,25.39773397,27.33913483,30.16777968,36.72251423,40.69100614,37.55308773,26.09580512,10.84952965,6.522611919,11.48769653,14.09389809,11.87142814,8.6607878,9.119779348,10.51408838,8.981876779,9.393684174,9.524977503,7.73620956,2.924103248,3.275098556,7.697434182,11.69719666,11.9827764,9.867375461,8.739606272,7.15484741,5.244588764,7.122149942,9.665032509,10.93779323,9.765175084,8.051111605,7.635348538,7.185089666,4.287390695,4.123576674,4.519922737,4.754114875,4.540419403,3.241648147,4.574161176,6.680859697,4.69771694,4.492749984,4.254746743,3.387027674,5.747979362,2.837354439,3.773217979,4.39282479,4.005204896,4.641007053,4.554867816,4.27510048,4.123637967,2.877014469,4.145964755,5.356962782,5.877286413,7.431218253,6.275574192,3.382280147,4.223935224,3.564175375,4.631612603,3.840413036,4.673641153,5.767979428,3.465753514,4.653766369,4.877727769,5.771244676,5.26267073,3.824588369,5.524679466,3.209854582,3.061244612,4.411720105,2.596403705,4.391436895,2.848669689,3.577785793,2.237731131,2.898728756,3.02510011,3.227723399,3.455513112,4.023663777,4.78226431,2.914942456,2.370579616,4.230960383,4.34787241,3.138554553,5.195496289,3.897114654,2.571416713,4.03156205,4.395811127,3.344781484,4.956981384,5.128044188,5.173969918
5.773384988,12.29328147,7.322418816,8.880879777,6.493884806,9.582009719,2.889937877,13.35174625,8.009429477,19.73700554,24.83935128,20.39723763,7.94123883,7.784940623,3.283014912,7.767762474,3.706670747,6.109944044,3.640601021,4.122697784,3.495676302,3.871762886,4.114608061,5.710759837,3.951873064,2.297049361,5.5003158,3.632163199,2.982189854,6.808279923,8.67199301,7.609705399,3.728835874,4.493136459,2.598332983,4.610155019,4.291348516,4.787591809,4.11758519,6.523299145,4.766340899,10.22241914,12.17808129,8.847907251,5.012540125,5.221285144,3.968983513,4.151776858,6.480279549,5.705839529,7.136300793,9.715537428,10.04866943,6.441636251,4.891324464,9.767956283,7.37134351,12.65999565,20.23083158,20.55156971,14.23828668,4.857857408,9.306952301,11.04339517,8.221435253,5.974053441,4.34286429,7.149507487,6.145866199,4.834982661,3.041109877,6.802341952,5.671797494,3.588353166,4.283889431,10.96427621,11.14864402,9.93421052,4.923215934,6.150411389,2.38040298,6.299990875,8.177026402,13.29706187,11.9143941,8.73452049,6.480715374,9.043146432,8.551861727,6.18698602,3.820506709,7.801243985,7.308898346,10.47392415,18.85965108,20.87122054,15.82972607,10.90611467,17.1899742,27.49214253,31.84081645,28.31667686,20.38158008,15.86423023,19.63210175,15.51671569,10.64641223,11.21679788,15.64979823,12.99017155,6.991460566,7.282328489,11.78208291,10.96474954,5.131829426,6.176243642,8.202517369,11.13981409,9.645306992,10.26815027,12.0888703,9.42273176,1.988509798,3.004414867,10.1584097,12.69675118,10.34885463,7.156490096,6.942951805,6.857847575,4.146815998,3.522771643,7.206145589,9.861433774,2.181617471,2.620051411,5.854133568,8.245866565,6.225744327,5.367699289,7.931922441,9.287514432,6.815763571,5.158474252,4.69339725,5.965590963,4.423659781,4.736802457,6.766234431,7.674723215,5.244104292,3.552838913,4.401543031,5.938221639,3.795710071,5.287750296,8.363031923,9.144546012,5.649374149,4.327549289,3.789160894,6.418195287,4.800942306,4.271934102,4.717905296,2.725251191,3.515394568,4.989232992,5.495428457,4.243237166,3.647412857,4.532913994,5.753686399,6.702679156,3.802498597,5.215343554,4.333578447,4.280461875,2.568501877,3.522676188,2.569883591,3.560827379,2.682703353,2.870590576,3.440111299,3.599373158,3.616499543,3.136448292,2.292399531,4.681109134,2.869583247,4.167284837,3.991769834,4.488341894,5.572160227,4.308547095,3.668049442,4.852538759,4.612163297,2.978478144
8.318744354,15.94679914,11.6965215,7.573537741,6.441410233,7.43826036,5.534622581,8.605239744,4.860009683,15.06688262,20.3130963,17.49451348,7.953534021,8.192383837,5.937397186,6.027503177,4.511214551,3.870557097,5.887121478,7.629035937,5.567474313,3.991326526,4.385164216,3.60794466,4.832666857,4.891599078,4.123093813,5.020593192,4.102646752,5.048058844,6.77521822,6.97085574,4.862016507,5.141412519,3.350236939,5.602381752,4.875981296,3.948375627,3.290695498,3.216824901,3.576931565,8.893995165,11.13240262,8.410763931,6.398695948,6.721619292,5.823028034,3.942098674,5.223460099,2.785014007,7.639104339,6.926416937,4.455516576,3.13614437,6.765146775,4.428588341,6.385637207,8.740027801,19.04264995,21.99815591,16.8595277,5.232645528,4.793070819,9.055783099,8.683925207,5.31908224,3.751585914,8.506414543,7.716313446,5.463566487,4.15386163,8.053110857,7.735844722,5.679547397,4.712118251,8.719954593,9.895815771,5.175204076,6.246264356,7.867465626,8.020941663,4.318623239,5.860379378,8.699367888,8.245980938,8.609792586,13.31965074,17.34777508,16.21873127,9.736401207,9.692948088,10.05635721,9.41012684,5.178669758,8.051078472,14.40066113,15.39102944,20.19439449,34.38240088,49.11721356,57.09488166,54.35715667,43.14952276,28.44465057,17.58692065,18.76585861,14.08525882,8.928169237,9.898278245,11.90027722,8.066192033,5.904634431,8.43980147,11.95175731,10.83245131,7.776916304,8.524519161,9.396665078,7.598321716,6.797090919,8.085942993,8.889137136,5.968668692,5.530714758,5.944029707,8.086629844,6.717807315,5.943745553,7.665809136,8.934592793,7.432457421,6.94740811,7.998164,6.432294984,7.331060692,4.922791665,5.70130673,7.17618151,5.333178359,5.209639379,5.592692846,6.946045207,6.898113835,4.405982433,5.054806821,5.697943382,4.408322556,4.16342448,3.950607928,4.836801386,3.752271347,4.488882362,4.925541046,5.35687079,3.84741043,4.230866588,5.133737644,7.70109761,6.319043735,4.8429748,3.129996056,4.770342657,4.466126306,3.548485285,3.598199554,4.131611419,4.326446643,3.799052054,2.706437014,2.725440835,4.195053894,3.877997065,4.184284329,4.66969348,2.795376731,4.650722207,3.436813757,4.378292505,4.037890934,5.029789396,3.398099411,4.538698163,4.876869743,4.44093815,3.475088662,3.749699258,4.783307682,6.372422806,5.049630386,4.822756856,4.839600794,3.135206486,4.565901791,6.248946151,5.464966756,2.997465389,4.298872815,3.414157993,3.820049208,4.267044457
10.79875663,15.80096822,8.865894362,13.08359202,7.014854556,12.99543369,4.886088523,15.65368282,9.649055868,26.75735533,34.05108948,29.00990858,11.99290903,7.517059065,5.790032355,9.074843707,4.810024696,6.504533404,5.203447666,7.640609082,5.727390826,4.022569358,4.4814166,5.458411004,4.637673075,3.486268233,5.076112778,5.685581174,4.312525837,5.32556146,7.107231185,7.756086434,4.966437021,4.767101565,3.283347068,5.275794355,4.022539805,3.927310566,4.334278629,5.739427367,5.875857587,11.04689953,13.13550215,9.59667109,6.197152208,6.657609509,5.401814873,5.201716391,5.358437619,4.797506446,7.316149587,8.201365215,8.782203834,4.386816716,6.685655618,6.658664973,6.270713483,9.358497133,18.49042466,20.85798507,16.14345501,6.700522226,7.519892916,9.035483875,8.013997778,4.257109126,2.37700459,8.120496307,6.83110522,4.495672825,2.654033466,7.868862111,6.937831703,3.676235698,4.662220086,9.465342155,10.44490354,7.872315413,6.738313815,7.80228656,7.210791585,4.562078457,8.710444345,11.17487913,9.768289229,8.563018099,9.969897545,11.65354041,10.92418763,11.08984868,7.400217347,9.100910024,6.749981731,9.987197662,15.94580702,18.29606321,14.64605419,19.1993532,29.88570479,37.39467316,38.35516499,32.68657486,24.95164734,20.92452526,24.56779557,19.4444702,8.180149822,5.081855955,11.79862892,11.41451933,4.224852233,5.533029333,11.92803004,12.10739522,7.264999902,5.345612668,8.907227186,9.976585475,5.962078716,6.201596156,9.985930356,9.288453398,3.008047599,3.418257497,6.948475254,9.400410524,7.389934594,7.713944551,8.895543402,7.60170773,3.173722433,2.791986271,6.59725054,7.821835432,4.893254747,3.824340251,6.994154627,6.896244683,2.979874089,4.657839163,7.641086185,8.652212218,4.587866898,2.398078576,3.663401431,6.183435152,3.775836806,3.991897445,4.675182469,5.399168014,2.884510341,4.200164767,5.872553123,7.533137219,4.363683003,6.033356068,6.939494679,8.509557261,4.481115755,5.374423675,3.457926483,7.243415327,5.366347947,5.486160292,5.522603024,3.466031668,2.760327877,3.485297125,3.556700522,3.440442434,4.183627048,5.84504709,5.853029763,6.435595996,4.085598958,4.788770341,3.463183718,5.300638458,2.471995927,5.475971952,3.344831239,4.305369349,5.024081906,3.707707158,3.166025956,3.156555618,4.527606719,5.44354505,4.291755696,5.392403255,4.143569612,3.511930322,4.330039145,6.144597729,6.106104177,2.723231336,4.61913994,5.259307104,4.729111358,3.167340582
3.392248035,18.95756857,15.10846003,9.473492145,7.835655751,8.787923142,4.57475858,10.48637128,7.203534617,18.50024453,27.42950174,24.87948114,11.5586329,4.270079455,5.217462051,9.336033901,4.807467578,6.251363588,4.963442802,8.677907619,5.67534244,1.699716727,6.662676535,4.851860095,5.243562212,4.366441509,4.191223828,6.967482049,3.530176303,2.425330848,5.402658463,6.993207417,3.403902244,5.388091525,2.507169629,5.353416268,3.445351982,1.038222326,3.560663494,1.795545019,0,2.847532184,8.018982339,9.757204948,5.141282474,10.03241135,3.841851232,5.649934319,1.785022843,2.179366875,5.059216032,8.949662594,6.010823089,3.744631546,2.685398582,1.892787573,1.634689967,6.15567522,16.73322304,20.9909993,17.26183427,5.629969162,4.515129904,11.39374456,10.12123665,7.012102004,3.559946229,10.48855091,9.182240195,7.711822386,4.936944628,9.357792662,11.04404758,5.034612445,6.22205969,12.35441471,14.8562003,6.11361295,4.765037726,6.594028443,8.290702655,0.11200537,4.808707997,11.25354945,15.29295122,15.76804367,16.7958933,16.79043618,12.19606009,4.704806797,5.042310602,11.10585594,12.75528645,6.320317004,10.65180208,24.37461442,31.93792842,35.82213054,47.0749778,61.78559182,69.4673963,61.7463561,40.01694806,13.27105465,4.049671554,18.18874468,19.82777554,10.96066259,8.581941876,14.2276506,12.50022024,7.345481226,10.27989202,16.91999268,15.95545256,4.729563413,4.877251775,9.127338017,9.909520462,8.014587002,7.199295163,9.298448568,7.127177527,3.765756887,4.416861099,11.24031336,13.40899344,11.82012715,11.62386616,12.53178638,10.06649,6.285646386,2.800414391,0.05240899571,3.709673584,2.473484558,3.69687125,6.888874238,7.108127806,5.514760458,6.346091478,6.32288049,5.870584534,4.847596399,2.564027947,5.002544103,5.538839271,4.995878806,5.109067236,4.96024569,2.53707227,3.143659704,4.136478713,4.905525751,5.868273485,4.544392793,5.12747418,7.20458897,4.62812366,5.570141993,2.721528536,6.489508013,5.245284955,4.280267946,4.514577436,2.963674223,5.395940434,3.997684458,2.520726344,2.73985628,4.541630172,6.353025399,3.40447608,4.045927433,4.614625567,3.539197794,4.728796047,4.183781059,4.080152032,4.370564764,3.003984779,4.095975847,5.57926875,5.054832275,4.659202843,5.217006668,3.921478957,5.908165942,6.92953241,5.852988787,4.786447329,3.549191902,4.170612512,5.583742743,4.780289182,3.391699655,4.380357856,2.753953744,3.863502482,5.802209007
9.309020824,13.88533077,8.064354863,9.935888296,6.399653252,10.23793555,4.228765783,13.05208449,8.335326559,21.21595363,26.38322052,21.85986368,9.020350402,7.905727101,4.830548292,7.37389551,4.205023648,5.518387935,4.811637764,6.039802859,4.871832387,4.252545153,4.030517009,5.116944264,4.313024583,3.329905412,4.939246466,4.517697462,4.030704915,6.347637143,7.877896135,7.469256057,4.567596862,4.731061681,3.214970532,4.924276445,4.237674628,4.555044903,4.160154415,5.842198925,6.190027572,11.36635656,12.73604638,8.676739437,5.86623734,5.540548146,4.988229351,4.468962856,5.930751556,4.942313609,7.53597068,7.968118157,7.85295505,4.794764553,6.449610168,7.614132954,7.559953697,10.9823451,19.2069856,20.47795361,14.96029782,5.649732662,7.584876413,9.231272197,7.791305657,4.807637158,3.59006114,7.261200872,6.373461063,4.399724599,3.264100322,7.126660645,6.036815239,3.866732479,4.333332347,9.085232432,9.467503859,7.866853917,6.167796225,7.370489711,5.5636587,5.689123996,8.057365563,10.8717043,9.051820997,7.485631892,8.908012202,11.77075175,11.44523472,9.582634039,7.065999036,8.548163216,7.114919931,8.966694602,14.65979215,16.47005938,12.77197239,14.27048936,24.1918477,33.91532756,37.61173706,34.36439306,27.60885162,22.74832228,22.79458259,17.43333696,9.479797579,7.980196039,12.66540256,11.27770911,5.445094985,6.182281479,10.62138699,10.48488104,6.341413596,6.44765966,8.900017671,10.12430278,7.480576434,7.879540618,10.47522527,9.123745134,3.375420214,4.166365316,7.972126704,9.500961843,7.14294539,6.276511488,7.317544784,7.002330151,4.195718173,4.174156607,7.895032169,9.285691802,5.014933427,4.024007889,6.405756772,7.157807862,4.357463071,4.918853832,6.968456755,8.242558949,5.697360641,3.847466633,4.637828544,5.944682978,3.886398717,4.134145074,5.10671376,5.995755936,4.108203993,4.215697302,5.070477611,6.406676951,3.741518278,5.430044998,7.174372563,8.465158293,5.274616372,4.677635436,3.611628974,6.04802226,4.745051202,4.618232802,4.906127917,3.515796876,3.215052292,4.132249588,4.302085812,3.789129955,3.886548759,4.632081835,5.423339713,6.026491876,3.512191239,4.833148634,3.57384884,4.618247027,2.792176599,4.582492753,3.116258984,4.082377004,3.931827268,3.314736247,3.174779045,3.308941854,4.374341472,4.657487901,3.41722572,4.862306822,3.806846484,3.703764496,4.344568275,5.38681331,5.762127468,3.440987989,4.184601208,4.926042731,4.551731726,3.189511936
9.674848631,16.34553484,11.12484795,11.89187243,7.208384447,10.74167569,6.70666039,11.26152605,2.77356229,20.74864316,28.17793404,25.00724138,9.426325271,10.04219272,6.857200305,7.483559587,5.201289502,4.61101874,6.752994757,8.46064824,5.726263752,5.25319254,3.784869668,3.590191939,5.200141431,5.213149752,5.503874263,5.747454667,4.0483146,4.935590808,6.804319798,7.885111234,5.615676134,4.634243642,3.346456101,6.767820655,6.827851494,5.96370026,2.904603294,4.656020824,2.879521262,10.52792821,13.81670557,10.37675873,7.169373811,6.837461823,7.922557007,3.156088144,7.867487589,3.609330343,8.985152228,8.867586171,8.812055776,4.294561862,8.453106196,7.083046285,5.971791469,9.473114243,21.56939171,24.99768664,19.03286131,5.901464307,7.266951369,10.28337202,9.032337796,5.084850554,1.496181265,10.26215151,7.99590582,5.120725501,0.9746943448,9.504542884,6.949462033,7.161130198,4.811865927,10.3999999,12.06381094,6.6701078,7.56164467,8.42393641,8.107823096,5.888340759,8.406852596,11.76460365,10.11738403,7.68860081,7.682614925,12.24247481,13.45268734,11.6848761,9.856128979,9.644087489,6.081667647,9.179920614,15.35417769,19.1442597,13.95677621,17.79234508,30.50668887,40.70067808,42.89621542,36.74576967,28.43117923,24.95391684,27.02429621,22.49238185,8.563851644,4.563450312,13.23251607,14.26394225,4.610077388,4.665982746,12.60964907,14.15693926,7.842479507,6.941586919,9.82385598,10.69887536,5.182895102,4.830835538,9.680768402,9.575027555,1.905844116,3.081959353,8.598000837,11.49960304,8.107167038,6.526879525,7.596404603,7.311629414,2.304386874,2.084448345,6.986303977,7.006950408,6.49366631,5.133420943,8.316168184,9.227049743,3.929673242,5.173183374,8.170844227,10.58427295,7.77123835,2.338654855,4.670094553,7.033293096,4.586589957,3.930987251,3.574920712,5.27619434,3.477307274,5.028018175,7.081197039,8.023236536,4.371022192,4.865934689,5.593311266,9.335363311,7.462071441,5.864419989,3.076737204,6.626284995,5.628275245,3.940589282,2.867447994,4.119116476,3.138752179,3.010592262,2.018918932,1.724415721,4.633631964,4.442991355,6.506599166,7.310677647,2.72873928,6.791832086,3.320299014,5.981225336,3.58050489,6.671494174,3.679312695,4.769831209,5.656804009,5.413919666,2.872762666,2.377981045,4.251080674,7.090970516,4.449165813,4.534977998,4.309143586,2.994666248,3.990012587,8.142163953,6.711559178,1.35835001,4.221955005,4.164338183,4.203219843,2.756687717
7.147077815,16.29280943,12.01388388,9.359933935,7.036672799,8.232473154,5.684833099,9.005117867,3.966246371,16.73421128,23.12109439,20.46466455,8.338882743,7.45418764,5.786054603,6.958767713,4.732042167,4.589961395,6.171853638,7.903689386,5.531586799,4.261308569,4.626711108,3.833137922,5.139821816,5.101328943,4.876587863,5.963987846,4.237221543,4.637658574,6.601317176,7.330438121,4.472876161,4.923744026,3.184379324,5.953890471,5.658110788,4.588526264,3.182618038,3.759288755,2.260242987,8.251129812,11.56526277,9.549515763,6.254940671,7.407086075,6.268018052,3.782584019,5.578860301,3.235752129,7.616797715,8.356906096,6.802733687,4.207439858,6.222081061,5.307465699,5.133144989,9.23921321,19.75251887,22.64724677,17.1561631,5.272624222,6.047046827,10.49804268,8.961339229,6.011957933,2.818384074,9.872551465,8.109872028,5.934902795,2.878598335,9.152073663,7.835183384,6.583888272,5.361850798,10.56729399,12.11681968,5.934907759,6.602180555,7.756049426,8.013102439,4.238783464,6.823880983,11.13248477,11.49687914,9.782232129,10.04538653,13.38873021,12.85496434,8.424936866,8.162798059,9.807055632,8.664250166,7.617716219,12.22625113,19.3747172,19.74125994,23.3295041,34.89392431,46.99987976,52.11642966,46.72386894,34.35853179,21.89490882,17.48233322,19.75016372,13.05626727,7.867944894,11.14854008,13.60578719,8.042749913,5.982688233,10.8951204,14.00917479,10.27388774,6.370132028,7.652222562,9.770988612,7.552250354,6.745925709,8.783601898,9.306119319,4.442661512,4.012752959,7.336788072,10.94552265,9.567089747,7.756561121,8.202486601,8.710535835,5.571635708,4.146218804,5.935736638,4.809875344,6.211994511,4.776108709,6.297918758,8.110920107,5.568523428,5.296964357,6.768578356,8.360850254,7.244746039,3.834985573,4.250448604,5.998804837,4.915592222,4.192471243,3.86233666,4.954804567,3.613389377,4.585901477,5.625131318,6.301029472,4.745906652,4.54986258,5.368200656,8.242464681,6.693182235,5.443014028,2.999260519,5.724308031,5.074321782,3.670494727,3.185554001,3.940251121,4.200025966,3.567572258,2.505206363,2.305574023,4.502993157,4.558371224,4.991103902,5.587708381,3.077743296,5.467848649,3.77766225,4.92298521,4.057302163,5.414224606,3.437241377,4.406646742,5.238070203,5.241404577,3.486779119,3.458035803,3.999161969,6.321968163,5.098363757,4.621565085,4.365638526,3.37943172,4.045646253,6.787365114,5.754617927,2.280644447,4.025305295,3.578715044,4.079489316,4.006443008
5.687350172,14.08640043,11.83869234,2.525388562,5.654432767,2.762787452,4.871186782,3.728060229,2.473653509,5.713179697,8.132350279,6.522382576,3.732657603,8.285339184,4.828758621,3.441473713,3.748311761,2.189915328,5.57537075,5.939939322,4.637375967,4.026839643,4.070915038,2.818528172,4.554915916,5.093314386,3.624070157,3.729841871,3.794465596,5.922676192,7.409755837,6.378086145,4.226584666,5.257386212,3.265844387,5.198614056,5.112533762,4.326084578,2.884572751,2.475796266,3.126655983,8.194850161,9.784273036,7.042684545,5.955653717,5.747302336,5.226410146,2.989645534,5.340641875,2.319261456,7.691715277,6.279979139,2.031457209,3.198891716,6.135618576,4.459286603,7.52171357,10.13835393,19.57997521,21.51560734,15.55071897,3.681354023,3.91356002,9.315151061,8.640755684,6.329913078,5.557245629,7.704348917,7.529635143,5.786923108,5.497321215,7.314347287,7.22757612,6.310420921,4.505348832,8.199745308,8.82294846,4.323106377,5.369775652,7.329741444,6.581518462,5.064044541,4.16190262,7.645641028,7.418584707,7.961506013,13.58250471,19.18051784,18.02441671,7.263544204,9.648511398,9.796765789,10.9588202,2.608739307,4.128044134,11.65220957,14.8506173,16.61936287,30.76003841,49.97601784,63.07102667,63.62872069,51.6853605,31.63906662,12.18998256,16.10084441,17.7883903,13.44049147,9.885465378,11.80318089,10.94492854,6.890775285,5.919072159,10.30596944,11.32648243,9.408396704,8.010103816,9.226395447,9.980967153,8.971924863,7.902769183,8.574747165,7.575597762,6.991218352,6.471723525,7.768749561,6.598386155,4.290225003,5.891954432,8.961203218,10.17783019,9.789941644,9.446910711,7.088582184,8.033960772,5.340415402,4.404742735,7.321441693,7.639989291,5.642918385,4.13504795,5.693037217,8.532755939,6.654351372,6.310628249,5.146023864,4.755996429,4.402492205,4.242359287,5.225740678,5.222861157,4.49749683,3.614918622,3.347641854,3.16908233,3.090637817,4.842326369,7.248069851,7.464656955,3.938377027,3.178163177,2.768367291,3.514627674,2.117494244,2.522549194,4.32169776,5.393530846,4.626184624,3.302811521,2.979300119,3.882627316,2.175263142,3.040515288,3.485720857,1.94817315,4.424543473,3.629207263,3.265879356,4.863357826,3.797160275,3.140081411,4.312806446,3.680710852,4.224394011,3.681427308,4.257397149,4.646783059,5.702395253,4.506568765,4.160695503,4.698985042,3.295333354,4.648936416,5.284125326,4.779488328,3.947055041,3.743997817,2.478196451,3.377491152,4.811638758
5.798717948,14.41883252,10.87814961,5.507711728,6.177876042,5.302283043,4.147306908,7.040225437,5.866448228,11.78703379,15.46402199,12.80884297,6.056961517,6.051875857,4.303696582,5.448258282,3.849129016,4.081509414,5.105697262,6.071466154,4.831652094,3.618402287,4.733791867,4.138577535,4.591295329,4.38882338,4.096902653,4.836220284,4.239881747,5.635241446,7.280403554,6.687924928,3.594819196,5.136445404,3.144337644,4.729724226,4.212335473,3.716020555,3.660677207,3.645176159,3.804848951,8.06374439,9.986723089,7.796266687,5.367843346,6.425857863,4.343487555,4.14609206,4.140133246,3.426541075,6.727237878,7.153778233,4.280914229,4.132286375,4.777485217,4.841451867,6.396385992,10.28767419,18.30772853,19.72698799,14.29885127,4.398346331,5.185502875,9.783570834,8.258042527,6.320882431,4.925485983,7.869013057,7.26705248,5.807536565,5.142279125,7.534950804,7.386827249,5.139131518,5.088580513,9.304860877,9.953883786,5.612322778,5.455229221,7.035419818,6.521816441,4.08265722,5.423316078,9.523981693,10.18351218,9.535101328,11.89497674,15.02755775,13.35171258,6.178588663,7.047547297,9.323882844,10.46146942,5.547165041,8.45333528,15.79469052,19.27004285,21.22733605,31.95542759,46.53113477,55.56648354,53.55368336,41.01802159,23.27835783,11.41689377,15.69208508,16.1028559,11.96995408,9.937402647,11.61744916,10.29189948,7.281969943,8.020504386,11.19881201,10.50957837,6.96444617,6.711970709,9.062558328,9.966841012,9.297028648,8.610985171,8.809107438,6.74461898,5.704544384,6.601570197,9.030948714,8.648209658,6.817336988,7.361163482,8.909004362,8.622673148,7.264856928,7.131250336,5.841592932,6.256658628,4.562808034,4.381642075,6.734652412,6.921355576,5.33843135,4.987349592,5.931353556,6.739837104,5.798606349,4.812588957,4.980266137,4.692400141,4.37538176,4.583406051,5.187114596,4.495427591,4.186925658,3.774447724,4.205406175,4.106408021,4.204118512,5.758737749,7.252635236,5.94683338,4.354318831,3.250108934,4.186155948,4.028429778,3.299951281,3.782210364,3.825955693,4.926915277,4.514328713,3.83276964,3.506580343,3.974666992,3.81912997,3.5071283,3.892479886,3.05928016,4.028767398,3.949326491,3.527840287,4.19257958,3.687048942,3.065484091,3.981960205,3.898694895,4.082680073,3.817615945,4.351707593,4.122169226,4.899284316,4.628276891,4.531434876,4.24367076,3.783076994,4.363793253,4.81321943,4.783092024,3.86483471,3.803902539,3.37358557,3.976848124,4.776142474
8.786962036,11.92865921,8.851824712,2.799715772,5.001248371,3.314648059,5.123639896,4.414868666,2.08939361,6.514859025,7.22404643,4.901375522,2.347455222,10.43564556,4.983861811,2.288168919,3.584864266,1.538474466,5.852093813,5.021124651,4.407012177,5.473175076,2.697421457,2.629351346,4.230780762,4.943349027,4.003586174,2.670787152,4.100134695,7.686411161,8.464037842,6.627877882,4.987160603,4.942010857,3.677700845,5.255953554,5.898089699,6.286941598,2.973870182,4.212398991,6.321212222,12.35120098,12.24615869,6.654058545,6.546573329,3.6642662,6.268259871,2.171477483,7.658139633,3.407070264,9.172721335,5.750046129,2.766592543,3.523220445,8.385743048,7.06666465,10.32529005,12.27426068,21.11816554,21.89757265,14.98551619,3.690413874,5.205587156,8.270941165,7.632249441,5.247087277,5.323589068,6.495044394,6.376772258,4.23182957,4.431490336,6.528588677,4.867770365,6.272740525,3.622239896,6.5884742,6.326434952,4.810560218,6.307892242,7.928647636,5.74429737,7.870931488,5.709398233,7.330635277,4.189802481,3.73312767,9.694516543,17.09690909,18.29883146,10.10792543,11.31517085,8.728365452,8.08571082,3.670923809,5.650474022,7.595284707,5.203528596,6.417627409,20.59466773,37.65710973,48.83680559,51.42968332,46.75077402,37.42810526,22.04565322,16.44810205,12.65593775,11.5008201,11.7779252,10.64024334,7.375893891,6.066065853,6.128325896,7.502021162,6.890296564,10.4689669,10.17628684,9.722777734,8.420140659,8.411106021,9.281201385,8.5112785,5.699292936,7.213309692,8.198019725,6.930399583,3.36461787,1.390121914,3.70537691,6.27115084,7.162026276,8.671964167,12.0014432,11.35457657,9.15873229,6.404017038,5.993264509,7.688421513,6.213210671,5.378370564,4.4570396,6.835557245,8.774420586,5.979869863,7.427113678,5.740068451,4.017245481,3.91502075,3.912753437,5.536728238,5.920041305,5.198992982,4.342050537,4.238844002,2.151870606,3.384345498,5.519405586,7.924880752,8.153702764,3.636451264,3.532340835,2.478625446,3.330691684,2.120444805,2.363606627,4.756071438,4.342001806,4.516759068,3.800255686,3.178941229,3.663775153,1.187961832,4.106645224,4.534986267,1.207637972,5.313285441,2.971352402,3.637515199,4.406612446,4.212283725,3.302951299,4.433594095,3.132153253,3.684132002,2.891399961,3.181767827,4.906474785,5.512611428,2.960314902,3.593428407,4.34936877,3.240435694,4.717323667,5.599167756,5.379307938,3.66248651,3.657740561,3.391201669,3.633908058,3.497587438
7.405756242,13.08103464,7.512352516,8.500450181,6.253754582,6.508446917,2.933805151,8.674389631,11.13806784,17.19651863,19.48694117,15.40167517,6.340120916,0.6833791288,2.869253252,6.283424662,3.54453787,6.062706231,5.15228362,5.657172215,5.424082325,4.183794903,5.282897227,5.907088743,4.719315663,4.105767362,4.734051746,7.050058439,6.717921397,6.571558484,7.528387865,6.837872019,1.951393993,4.910139149,3.605502564,3.386521286,3.067365636,4.116604731,5.26472186,6.50149698,8.019131234,10.2889486,10.99473911,8.049580688,4.288990259,6.280584067,3.1272148,5.623558224,1.947271548,5.955902528,5.503856316,7.062603311,6.13639039,5.876356295,2.853609931,5.635360003,6.220239584,12.78430062,15.76003636,14.31426008,9.155283226,4.894133159,6.988658472,9.651563138,6.024992445,6.324427117,4.307572147,7.376397199,6.004265693,5.173835506,4.988343562,7.672848044,5.930787485,3.862583145,6.427319167,9.536941972,9.260236126,6.114203804,6.753869182,7.171145938,7.488727467,3.52947481,7.837128263,11.72387998,13.47616819,9.438615804,5.354431361,5.052176412,4.100242871,4.076337327,3.542392022,7.548507546,8.88909988,10.38138938,13.13782503,18.56699338,24.18203791,28.58218452,31.95387279,36.36154884,37.91969214,33.71552202,23.73369724,12.10001885,10.56295434,13.41986543,11.73692982,9.042282616,8.395399474,9.205725866,8.887456392,8.189988209,10.37472043,10.06245455,7.112979434,2.578904686,3.702810878,7.574918465,10.10236261,10.44593825,9.727174319,8.84445175,6.443330233,4.943563484,7.288161806,9.664231472,10.2919841,9.676778324,8.031641821,6.986901949,5.358324769,2.656637871,3.848959057,4.157480248,5.885123392,5.472137995,4.346001834,4.817474313,5.56464416,4.492608046,4.836618928,4.973406588,3.274913128,4.542775072,2.638287284,4.149627002,4.301681715,3.604495311,3.597559583,3.829371711,3.773061599,4.722764361,3.903559982,5.211475147,5.635364445,6.134768795,7.014954043,6.469681332,3.751379011,4.741458188,3.445890534,4.943386072,4.169753232,4.842899239,5.422975582,3.890801318,4.198791206,4.228746144,5.021533985,4.694806367,4.116214155,5.690788071,3.819453312,3.577872365,4.187122098,3.223013327,4.042527125,3.498149858,3.659981941,3.214144114,3.264000993,3.285218559,4.03081723,4.151714241,3.697406246,4.162852069,2.897977967,3.22231317,4.521248162,4.162802215,3.287961641,5.037720415,3.768922949,3.587520776,4.492224718,3.358239191,3.422263103,5.224930171,5.269119398,4.798026785
8.918280802,12.13877964,5.349985578,11.22144437,6.398090133,11.26133353,2.7319954,15.24136994,11.73061932,24.60730395,29.09873078,23.46688381,9.13810321,5.557257591,3.296138001,8.254068721,3.760920155,7.037041991,3.94003791,4.619016785,4.371767725,4.262407558,4.227709324,6.553343996,4.018616206,2.25676069,5.527599036,4.816017078,4.557412081,7.281937629,8.608058078,7.671984435,3.49358855,4.471223071,3.116235609,3.96177453,3.373348727,4.744033172,5.103795816,7.926360254,8.231765344,12.46746166,13.2125223,8.764822184,4.901271565,4.996290141,3.659355738,5.220505822,5.252575566,6.831955333,6.741049707,8.744165521,10.13628402,6.481121058,4.890228427,9.491229885,7.822739186,13.1423282,18.37689882,17.65255407,11.94856333,5.685973114,9.606819728,9.753886926,6.777024025,5.037711633,3.755307574,6.442455466,5.335040211,3.981365908,3.120813461,6.605305929,4.893952109,2.460080989,4.677561647,9.819249292,9.482825742,9.613417351,6.052862728,6.761561251,3.961087273,5.962780863,9.542015671,13.0245353,11.42463988,7.661224597,4.715985984,5.654004933,5.541028328,7.399521594,3.649720478,7.156419119,6.12167785,12.28136711,19.56926852,19.41583818,15.00164303,14.16101138,18.72252695,23.47139252,23.58023047,19.47703236,14.47075149,14.35774181,22.28667401,15.12599246,7.160203394,8.043956845,13.76305071,10.53023282,4.846772763,7.11387755,12.31385202,9.559480355,3.411073443,4.282190187,7.535269757,10.05670873,8.448823401,9.678079937,12.13160685,9.263822435,2.249536046,3.197490783,9.395890572,11.01837555,8.921641723,7.787828368,7.404650999,5.758453565,2.3117645,1.696243935,6.437741486,9.762468442,3.095161221,3.486322948,6.193212993,6.596573903,4.253758953,4.653277408,7.516010706,8.360153671,4.228496135,3.800762536,3.691954584,5.602652781,3.720803349,4.076118438,5.782703697,6.442288796,4.340476023,4.011657374,4.736368362,6.759242783,4.26294473,6.489538936,8.743506566,8.522306249,4.048339808,4.560932848,3.919816795,6.790629976,4.826667808,5.457638079,6.035576692,3.02740756,2.756804147,4.507905844,5.783198665,4.86770795,3.708578315,5.568248001,5.875612942,6.379964651,4.33456133,4.500452225,3.939346485,4.434844509,2.093615856,3.733150535,2.87108063,3.459346442,3.162980332,2.684198983,3.184087803,3.328202575,3.570471491,2.83411394,2.49620196,4.740150325,2.820253356,4.543177482,3.98134036,4.132192897,5.57649526,3.87026818,3.850861776,6.065998257,5.282343858,2.895973602
7.085932918,9.438171444,5.578626402,2.063832914,4.622869298,1.814434687,2.215550124,4.441220821,8.721688451,7.042924429,4.909460145,1.464685932,1.066572252,3.646007833,1.934612728,2.435012118,2.489640324,3.412716957,4.499593743,2.857756584,4.0265077,4.796394117,3.793469688,4.804951718,3.871370326,3.751323404,3.977570776,3.818808016,5.895250363,8.893202297,9.139686492,6.206063456,2.276286389,4.946957311,3.723785456,2.88484216,3.323660667,5.25496921,4.822647165,6.367219071,9.972069603,12.48130482,10.86361276,5.626869362,4.363431859,3.337029149,2.848089993,4.068117041,3.821804776,5.759040325,6.664697817,5.397850976,2.862231059,5.429016475,4.192102015,7.18889883,10.19958634,15.13741076,17.33341672,14.41656284,7.933341315,3.23656742,6.253929297,8.425229373,5.494995324,6.168533978,6.80709323,4.707889177,4.826384975,4.180430354,6.470177527,5.432211814,3.882952439,3.710337383,4.865646244,6.860222917,5.251452693,5.557961283,5.807322736,6.862355893,4.653359892,6.437550785,6.292312698,8.842251657,8.023490528,5.293547257,6.001358077,9.316699624,9.310844164,4.419539375,5.599669594,6.853224836,9.160665188,6.50218512,7.676376452,9.895895338,13.39328302,13.71039266,19.40693926,30.10712218,38.49797484,41.08490917,35.80572446,24.26517484,12.08519218,10.31650124,13.22257535,13.82709471,9.666654502,7.669109088,9.548470057,8.571643074,6.200525641,5.22105035,5.109456667,6.504536944,5.763215601,7.947370387,11.69233888,12.46766751,10.20416913,8.246527461,7.507435984,7.459055743,8.240463076,7.129111557,6.129808772,4.497588445,4.320137706,5.579831797,7.706930698,7.247886235,8.942077036,9.488432477,7.510552467,6.176000626,3.667129855,4.971554657,7.076265967,4.855367893,3.075175145,3.892090955,5.369959613,7.053311149,5.524467235,3.953308995,3.856845524,3.726880495,4.299193865,4.940896142,6.064276466,4.871486217,2.469787285,3.004389421,3.359836641,4.757070702,7.174341355,6.383069671,5.319783931,3.080370255,3.866180446,2.182952703,2.691018599,3.183395292,4.448575773,4.293641342,4.688855828,5.344486789,6.209517748,5.365733349,3.342362517,2.648065456,2.920894542,2.724271448,2.613658352,3.162354342,3.653915432,2.237191261,4.054968185,1.883830365,2.940757486,3.246436637,1.94279433,2.766556448,3.40826266,4.214499844,3.607758075,2.382639161,2.643855172,3.376072664,3.215020627,4.870799921,4.32705106,2.440785366,4.057054412,4.912497181,3.033453216,4.616843651,4.668349902,4.520121233
2.936379509,14.90709036,10.70969586,8.430585043,7.178354054,4.455191689,2.930681611,5.354747467,9.523406475,14.06504695,17.51093957,14.90393172,5.867227602,0,2.262920036,6.904859727,3.69769497,6.614211097,5.695923187,6.646415492,5.723891696,3.539511736,6.763984155,5.866807109,5.492900954,5.171426508,4.986249862,9.367903509,7.348939343,4.832060653,6.363287049,6.685332735,0.360641685,5.04172419,3.294917704,3.51623353,3.454597992,3.449952294,5.020351663,5.2987634,4.133029198,5.872877871,8.840246264,9.128298517,3.459858247,8.722501319,2.712262866,5.889877399,0,5.321070368,4.116111686,8.370140983,6.491535389,6.687511297,0,3.583543083,2.564245569,12.07362999,14.82694976,13.67022995,8.737610056,4.343134616,6.482390382,12.0507075,6.776876384,8.502282856,3.904577813,9.979617108,7.453906061,7.244659343,5.094692794,9.731067112,7.88451647,5.624644267,8.332124846,12.56034011,13.23801466,5.253975845,6.632788022,6.699435237,9.010054494,0.8981274985,6.985795876,14.08886544,19.92195631,14.07654585,4.409626008,2.064857468,0,0,0.6963298271,8.078222929,11.18836268,11.29847942,13.91853275,26.18666189,38.66987151,43.26353184,43.23950911,46.88233875,47.95051141,39.92186835,21.88019683,0.6610043855,0,13.30249322,16.2865304,10.31331838,6.743865679,11.53947152,13.20202579,9.366692335,11.91737203,14.21202638,10.8286393,0.02279317284,0,6.801327339,12.0966558,11.40381435,8.730509799,9.167805492,7.674478565,3.927789869,7.146902395,13.02991582,16.1900795,13.99930993,9.952370281,8.950532123,6.79387949,1.047267779,0,0,4.992918039,5.39488236,3.11860155,5.119724799,7.706333304,4.810544622,4.779749024,4.47454328,3.579074196,5.021934021,0.8721717995,3.513171263,5.666139418,3.844430905,2.98654539,2.923832062,3.247546804,4.635152054,3.715048513,4.793755558,7.690849651,5.932413707,6.140944173,5.864337028,3.916419932,5.534768309,2.894109806,5.193937086,4.588792501,4.453634596,4.567133259,3.73368076,5.468876973,4.084409547,4.266238759,4.021601533,4.709296974,6.810652872,3.12069805,2.758334046,4.756498655,3.135456628,4.941322676,3.357104483,4.716597503,2.996047776,3.295920429,2.962697734,4.901421821,5.943277524,4.447696273,4.911563338,1.559650191,3.343347867,6.21211916,3.962442415,3.118065463,5.541569688,3.060011564,3.676860683,3.934457158,2.693163103,2.901803672,4.304227415,5.291828661,6.127918317
3.327735683,13.30876581,9.46646084,8.213073096,6.898017531,9.047177851,3.178090215,12.49925296,5.643487952,17.71129624,24.16391822,20.58884505,8.079100578,8.728027771,3.488964986,8.12008054,3.882679293,5.880770374,3.572714235,4.410367944,3.169230242,3.364600559,4.41112679,5.242496477,4.10083641,2.472465804,5.543177399,3.45118346,1.978738246,5.868156696,8.302557011,7.634312583,3.807495158,4.546257393,2.184858173,5.192173566,4.871814457,4.440514952,3.44201676,5.286789848,1.592857147,7.816221951,11.2080888,9.346990091,5.066842238,6.107700049,4.206145789,3.698405798,6.826995939,4.747666488,7.114434838,10.68412745,10.33716875,6.378015817,4.519115151,9.342664146,6.092790205,11.6243567,21.15684231,22.65832862,16.23518971,4.543029229,8.986241109,12.23691918,9.465130224,6.764138917,4.346698169,8.267077877,7.081084607,5.779942678,2.846129251,7.434572427,6.844830287,4.504690873,4.35362631,12.34183033,13.23668905,10.09420543,4.217774003,5.751668035,1.933753005,5.758263738,7.252604972,13.90129295,13.39428179,10.5860474,8.154603779,11.17048206,10.02788182,5.085981625,3.60353559,8.54042106,8.42864419,9.592147395,18.86624484,23.60453262,19.10788272,12.20243569,19.54228302,33.1182269,39.64843006,35.22723532,23.6384849,14.70589406,16.53073616,16.3908081,13.4670766,12.81968944,16.49841198,15.1256644,8.78152777,7.375084484,12.00701806,13.08997246,7.258924959,6.83620867,8.15572705,11.77818388,10.32812643,10.31066892,11.75363525,9.633331164,1.878937043,2.47845845,10.29995206,14.31549668,12.29268546,7.800570859,7.44439742,8.183595424,5.424807719,4.248821706,6.692491106,8.559081259,1.278114929,1.840997134,5.584442586,9.368054538,7.50927967,5.846448505,8.448483036,9.99321785,8.332619331,5.758354776,4.844071057,6.20662365,5.078405278,5.224130032,7.314731018,8.281299248,5.414511997,3.159570332,4.356061604,5.62590095,3.935184821,4.591992769,7.913278867,9.518465834,6.514056674,4.482274313,3.573328295,6.598574793,5.042626867,3.667910283,3.901081024,2.437020509,4.098086879,5.126971286,4.96434646,3.61279082,3.769664367,4.363434294,5.687078996,6.941993622,3.718151054,5.660718964,4.721266789,4.355069339,2.928421218,3.601827039,2.413906084,3.65662141,2.794978634,3.336294509,3.744735426,3.883076568,3.533598351,3.603078119,2.670001009,4.821574888,2.998327091,3.899959406,3.910963983,4.966384508,5.589651837,4.34884968,3.622695034,3.953405034,4.183127224,3.232525901
5.724309241,11.50952879,9.441978086,4.351067653,6.082611535,2.457952558,2.648211627,3.585608667,5.166206701,6.507614204,7.179185933,4.797380724,4.494265285,4.07572855,3.122867427,4.622475603,4.969980941,7.699634142,3.852231664,3.081316218,5.331830658,5.709462863,2.491071914,5.307158573,2.743639183,6.729763521,4.316478132,5.35989464,2.311361844,8.640595539,8.768671234,4.808231106,1.582990098,2.482708116,4.362914911,4.916981187,6.846235877,7.454905452,3.3386837,7.994646838,1.065297908,12.27996365,12.38772015,7.812569359,4.395840219,4.21171454,4.913393655,5.818448457,6.595413542,4.301825847,7.416924607,11.6300418,9.123590623,9.431637172,6.435798553,12.96438287,7.763568152,20.31586432,28.41042494,26.1586671,14.28281815,8.796890113,5.425332158,12.14959264,6.376430013,6.475516236,3.14785554,8.439324578,4.234650264,7.267512993,4.263414673,9.929358568,8.14611181,3.760824919,6.290890506,10.4015566,9.644062455,4.125951986,6.482354841,10.05133786,8.591847266,3.971639897,4.81358964,11.48315962,11.20453575,4.921297229,5.297225959,7.929928206,10.12221931,5.039344655,3.010216307,8.294545625,10.62378232,11.21976697,10.2113989,13.71446027,12.84542637,7.333040267,12.15909558,24.27970494,33.33544597,34.73116974,27.9303222,16.21492306,10.36224358,13.80737414,16.86411522,15.62072911,11.77786849,8.930394147,6.032303197,4.714097363,5.749803101,6.435148646,5.561367062,4.069613366,4.646229485,8.282083369,9.31681614,9.10289119,8.118887079,6.843191245,7.025252426,8.876908532,10.05030122,9.595491009,7.231193755,4.250626341,5.253321092,7.748487928,7.831034292,3.860090642,2.558829054,4.011162471,6.460972917,6.290911628,3.6452596,3.956226119,6.627857809,6.736991244,5.772375441,4.270742895,6.329461925,9.198177685,10.25360336,8.1827671,3.394682302,3.751991596,4.803961666,4.210092227,4.72714777,4.623032824,5.418423141,6.225963723,3.68426535,2.369191688,4.292969563,5.890977121,6.368784233,3.606909761,3.585739448,3.991569438,5.580755044,4.342917536,4.633704422,4.312326502,5.129001576,3.488956054,3.604184265,3.426155134,2.881232077,4.184768409,5.289800313,5.811208244,4.199173284,4.807367276,5.351896516,4.04763025,4.84293614,3.358137248,2.810992547,2.698643287,6.066915103,5.339332502,4.506030159,4.348463595,2.643389917,3.684916861,1.863043468,5.299296352,3.967067754,3.445240514,2.840083511,2.754069617,3.420497329,3.387615884,3.703142419,2.478634243,3.482397052,1.898832364
4.631654313,10.8511866,9.526595436,3.478919542,4.852554217,2.711319318,3.094527929,1.893946141,2.794015488,7.35895935,7.260711769,5.297607065,4.320823517,2.326696712,4.220948943,5.610902319,4.52075921,6.636232877,2.469208054,7.045363375,2.551954889,5.824991136,4.621568578,5.575183055,3.565745506,5.701811409,4.935469015,4.483972418,2.870854393,8.466988845,9.739398884,6.315717855,3.166321836,2.327429186,7.142813094,4.437187408,5.384428888,6.515364095,3.119178163,6.332922219,4.471516652,10.31985604,12.79811937,10.84940707,4.98139217,2.014717838,5.14645174,3.0209948,5.078739082,3.94744827,8.75106588,7.759398612,7.33544398,6.641993414,3.865188761,8.758932299,3.548034411,15.49896925,20.72606769,19.00630822,11.58704952,2.566671334,8.137338219,9.789997543,6.411756825,3.417250825,5.194562708,6.918607757,2.945711802,4.447858151,7.084131949,8.131536033,5.667626851,5.026158292,9.825586954,10.99438524,7.856258439,2.939974254,8.736499078,10.067809,7.110450085,3.977771132,7.274083684,11.39124008,10.36412766,2.908355445,6.184573445,6.765857751,6.129849009,1.317552157,4.24584401,10.06306956,11.04312876,11.97274121,14.04875455,14.92762087,11.32897474,6.389694075,15.8911229,26.84191116,32.81774186,30.73586891,22.44960271,13.60902603,12.77149929,17.23076915,18.09090474,15.46768393,12.57722101,9.340860974,4.160762369,2.945848233,5.640725174,5.393931512,3.494377553,5.34439253,6.569290329,9.46208025,8.411705812,8.537820956,8.994319153,9.175658562,9.089149094,9.408678018,10.0836628,8.679052651,5.334288062,3.009587471,5.81792127,7.43530001,5.631501404,3.088433875,3.538407124,4.747753739,4.588244894,4.781201895,5.9859539,6.148982456,6.734617866,6.771304524,5.1692477,5.307871756,6.760072522,8.434406552,9.832919013,9.419890412,5.545818542,4.590265218,3.098041284,3.377094865,5.681768375,4.712902762,7.530318588,7.657158197,5.360775749,2.975765437,4.895932403,6.609080039,6.579164476,4.360318553,3.447263011,4.529793856,4.830666305,2.513744832,4.065948,5.42616454,4.176643656,3.079794614,4.175798286,5.510797178,2.869446605,3.150842333,4.578142915,3.266062308,1.999961627,5.230981789,6.51955192,3.64990023,3.167447942,4.377555912,4.084163375,3.395242981,4.135562324,4.432648458,2.988808159,2.449855314,2.649450298,3.828530142,3.645232359,4.967244361,4.977790456,4.584288859,4.013734398,4.197697411,3.476660942,4.051191846,4.434135251,3.337685107,3.760213314,3.172595931
4.932350041,11.91383312,8.524842875,5.73401345,4.530718106,5.68457278,3.541344593,5.631787087,4.083283838,9.191890882,8.890173971,6.556877598,5.324859631,5.501289825,3.650978761,3.996362241,3.786709399,5.962768846,4.675506896,6.926768544,3.040758917,7.092794927,4.955687329,6.438232305,3.982993996,7.3190482,6.390226476,5.299481143,3.507792734,8.789889938,9.532675709,5.900304718,4.544803001,4.71141614,4.772368896,4.323763387,6.389893895,7.936970424,4.305324052,9.136744646,5.851707246,10.57329471,12.68164103,8.601392262,3.542276984,5.692614854,2.953957595,7.58708508,6.223422693,9.232586594,9.013287132,9.496688482,7.512878223,10.68735654,4.794010991,13.94268531,5.165802275,24.22938112,32.20316257,28.35020165,14.21999077,7.985463992,8.694100816,14.5048089,11.04130192,7.957963378,4.106515615,10.01136628,5.579437297,7.242880084,4.596988565,10.26518535,8.582057549,6.172054051,8.359769601,10.3791555,6.473927427,5.270688333,6.706764024,9.96615646,6.480674294,4.698641571,7.074199001,11.49867792,8.787039778,5.521482544,4.30786256,8.572201569,7.905923027,4.510320194,7.990182971,12.4860438,11.85303526,8.248844766,9.143524434,13.3513896,11.57970962,6.751030448,13.24560468,25.39643715,32.58044345,32.19192829,26.15633276,19.37682525,15.99610571,15.79011527,15.68023064,14.33549119,12.18051631,8.657488793,4.455656598,4.129391731,6.18038693,5.907540381,3.818604898,4.136484122,7.492220999,8.089715757,8.97877384,10.55881079,10.91454555,9.352999994,7.155233248,7.713230478,9.085961678,8.426858488,4.573932299,3.25150499,5.492472382,5.799248412,3.685317587,4.738037327,5.54397684,6.356483921,5.309547474,4.499416973,5.282678022,6.210320731,4.57291723,5.724118346,6.523821508,8.042614817,8.701211905,8.715209276,9.131370022,8.342539487,5.884320015,6.815586135,5.067063585,5.39732296,4.117692223,4.520346691,4.341391767,4.459934156,4.684888361,4.145351529,5.545933725,7.178533414,6.373836255,4.694591283,3.238881993,4.77372492,3.827110371,4.48211196,5.315236283,4.49230997,2.958287143,2.615149614,3.521156046,3.289339688,4.902193737,3.9643233,4.884522725,5.088654197,3.481382089,3.808532571,4.682082712,3.965705471,3.814641506,3.509642865,3.817049346,4.368375962,3.66846211,3.56531251,4.214808547,3.738686732,2.811261384,4.505959812,3.844104721,3.04914042,4.650137191,4.541508156,3.315911842,2.993735615,3.77304099,4.187693211,4.390568211,4.358793884,2.563864334,3.832938861
3.767337693,11.89353965,9.419042,4.556077331,4.422181096,5.12693824,3.428887726,5.402529916,3.827300638,7.867361375,7.874732941,5.343623661,4.587408676,4.654811087,3.394301219,3.573690133,3.799638991,5.356471515,5.249674216,6.996757605,2.622793597,8.137358246,6.038830854,6.525656047,4.815425576,6.925809564,6.756984597,4.894158729,4.71194624,8.531886472,10.04033964,6.459928492,4.463259208,2.883173201,4.404926957,3.337290184,5.094354923,6.843089236,3.979406437,7.266559258,4.787405232,10.17090762,12.4095165,9.029302337,4.864737432,4.024448404,3.707755631,5.362704911,5.082851573,8.670221594,9.046012385,7.613959709,7.249441551,8.874422581,3.76607604,11.20173824,4.257220535,20.93879341,27.43194152,24.43347477,13.58546381,3.386113249,9.989509442,12.67328938,10.70476422,7.005918874,4.219153124,9.016456802,5.524016157,5.63843293,5.266529286,9.123877726,7.746150197,6.333247208,8.949452487,9.920718848,6.092632405,4.363048545,7.68647173,10.04552186,7.39555087,1.738599045,8.641921933,11.01350489,8.268871356,5.348721757,5.130639973,7.907897624,7.08464319,4.101364663,7.910683001,12.07096031,11.33588027,8.67890359,10.92320746,13.02010311,9.308222474,4.119339102,14.92539707,26.06757404,31.73721229,30.41707537,24.58075967,19.04649301,16.85292888,16.35495969,15.36681715,14.17561132,12.83297627,8.955279162,3.640025533,4.115542554,6.980250482,6.254665181,3.131992309,4.093123707,7.300403221,8.390252265,8.759159998,10.36577293,10.84619325,9.209965465,6.538452349,7.519114216,9.538312755,8.643602667,4.367687744,3.498617218,5.191563595,6.741735804,4.054509728,2.830769241,4.878770384,6.096219512,4.907051729,4.325259975,5.173029707,5.9935305,4.971589075,6.947799024,6.78555473,7.695297905,7.799732712,7.588080394,8.801383739,9.198257705,7.127016552,5.599775176,3.187228036,2.361541407,3.409057563,4.445451201,4.110833578,3.021788365,3.505273352,4.224915182,6.329274781,7.12228149,5.342784119,4.55449062,2.403765164,4.072871468,4.021209252,3.589587165,3.817415214,4.443851137,3.012481506,4.301203674,4.554593673,3.802866774,3.107007331,3.641248186,4.626686072,5.414736725,3.502770048,3.283934787,3.856404267,4.023433269,2.995320888,4.075162689,4.706517862,3.074556712,3.425649217,4.369449661,2.642794331,3.046486173,2.305776657,3.835776461,3.876936117,3.386565885,4.874940641,4.22105538,3.742836835,3.562343801,3.279477067,4.450079019,3.684471981,4.813380495,2.94835161,4.671333307
3.364592507,11.25994524,7.984120635,6.467037311,6.124506577,4.965284645,4.025224034,5.020459852,2.991258337,7.957061781,7.624223661,4.849049006,4.277054881,3.436374517,4.460745595,4.720397848,6.449546407,8.773401063,4.772682851,5.499239047,4.413278705,8.027919205,3.228437101,7.692415597,4.10363978,8.199909274,5.537743228,6.176093396,1.538530077,10.73075559,10.22077037,4.671245155,2.836705007,5.011167999,5.876393174,5.024889044,7.579203639,9.400791258,3.680016318,9.589410374,2.762307792,12.65456774,11.53703347,5.171725909,5.757558759,7.139822271,4.561879226,9.428249609,6.906472629,8.801029857,6.912149749,12.87145579,6.739178795,14.0312918,5.764420508,18.23297399,7.185479923,31.49946436,42.02250339,36.89888983,17.0305733,15.32530522,5.894153622,16.23418582,7.555726539,11.48120066,4.012901452,12.39392841,6.375350167,9.671443416,7.614591361,15.62319135,13.55135374,6.103551014,5.729622495,10.18057421,7.735744947,5.405922246,7.43490761,11.81025072,8.133808229,7.225618747,3.954299742,11.91484732,9.961526485,6.853116127,6.168909533,12.25751045,12.636859,6.224141235,4.709565127,9.6926851,9.537130375,8.596571275,8.505610898,13.96785778,11.02057896,6.190423114,16.69008505,33.2956859,43.29574761,42.5461187,31.69976003,16.36267706,9.112920655,12.36707436,14.22215219,10.95205714,7.692500799,7.301888247,6.78758714,6.971738625,9.044393085,9.957925512,7.666849932,2.827836109,2.784503876,9.247294164,12.69662548,12.66051562,10.32757502,8.310448549,10.04962971,11.21041396,10.39527643,7.916476815,5.489765513,5.793384793,6.403840388,6.989171872,6.643418676,5.156076954,4.698670482,4.947233492,5.205827707,5.388268343,4.557359492,4.984221521,5.614074162,6.144890812,4.491102301,4.416726315,7.260898922,9.84824535,10.33580113,8.454058568,5.439073818,4.722052392,5.636252964,4.408287655,3.969397692,3.895310249,4.729019605,5.412948165,4.415445477,3.568530287,4.694157117,5.334617768,5.553216741,3.523407068,4.022896847,5.32825401,6.347632289,6.970103879,6.191112417,4.990963827,5.071863607,3.657470356,4.288377933,3.962797008,4.441156794,4.216937751,5.020037697,5.305396478,4.471025856,3.930144707,5.654358017,4.807782531,4.213621939,3.239190779,4.655723834,4.60798804,5.143238888,5.773702846,6.139136672,4.914330883,2.390644753,3.851717035,3.195809068,4.780582971,4.038343891,3.291315476,2.59302659,3.021730524,3.157505933,3.134340702,4.030381645,2.472761846,3.774057723,2.839370495
5.341824745,11.80074994,9.942217893,4.045264038,5.492262614,3.02071604,2.602923543,3.791112334,4.743781293,7.760743289,8.504150884,6.019607845,4.276636138,4.106559031,3.703727128,4.041494882,4.8308282,6.771584639,3.742574587,4.314123191,4.926143655,6.046553552,4.358649117,5.098529511,3.190238586,6.327572108,5.123828248,4.857078902,3.288213383,8.190278191,9.230958153,5.828484746,2.271687218,2.763264174,5.02362321,4.272924688,5.450722134,6.49104355,4.120205688,6.93020338,4.175980747,10.22660021,12.76593424,10.2229517,3.039975225,2.990833578,3.553539651,4.776371901,5.808274174,5.500684838,8.942960809,8.167028508,8.508650498,7.132806807,4.410909394,9.799732369,5.607421886,16.46894265,22.46446242,20.58031036,12.16446191,3.556129801,8.250453864,11.12278575,8.708177601,4.124394219,4.792706784,7.515593609,3.749197708,5.281140254,4.444185147,7.54849025,5.566149177,4.567449891,8.821694148,10.63250152,7.760972654,3.774467607,7.176788005,9.649566626,7.301445502,3.663446326,6.515583295,10.89207648,9.698091439,3.855751143,4.362061934,6.298178682,6.531695139,3.750370254,6.993648462,11.6698409,12.2320784,10.16508704,10.61839816,13.28461329,11.8298689,6.152357309,12.73642114,22.94705146,29.44606719,29.19241945,23.74390149,17.71757831,16.0547548,17.46000171,17.61460283,16.09655656,13.40713476,9.711946919,4.76845973,2.683695939,4.472853693,4.275795365,3.096296087,5.192311554,7.724818547,8.485180337,7.628900414,8.309893908,9.100772771,8.434709903,6.944030853,7.552662825,9.171642276,8.672415605,5.807828597,2.778942837,5.617390481,6.820205405,5.242882265,3.831427673,4.00993654,5.560403136,5.562468506,4.660865444,4.731131299,5.654350729,5.148199696,5.365875348,5.828163489,6.095229529,6.981811035,8.086625208,9.325738129,8.711432539,5.276575008,5.765176713,4.492902635,5.059962448,5.003255434,4.959499827,5.522595613,5.512873708,4.271094294,3.728715046,5.981652547,7.580392609,6.305496785,3.814219445,3.601038383,4.246906342,4.620811137,2.477064754,3.765552418,4.007181668,4.318762817,3.030633199,3.122040088,3.910019268,4.226548251,4.05467926,4.368193737,4.662644571,3.432464635,4.326300421,5.175948545,3.738220711,4.330043302,4.220547267,2.46942287,3.715788482,4.841065497,3.216970776,4.196219819,4.09817925,2.637066163,4.510235664,3.472165056,4.352442005,4.501910271,4.285106933,3.879570634,3.839882065,4.445025949,4.078344632,3.610464345,3.119562924,3.376625238,3.287504039
4.33665013,12.29209312,7.979605309,6.164418817,4.725062312,6.954656192,4.672252722,6.704920133,3.41862385,9.280199582,9.290735431,6.916018245,5.55744271,5.146682036,4.43159975,4.577897737,4.1014972,6.173675951,3.788654678,9.538491145,2.218029966,7.35392188,5.447960597,7.12122384,5.219323966,7.142268484,6.709641716,5.052193176,3.31743387,8.24521352,8.834651624,6.048601307,5.624103095,7.433195153,5.40559474,5.05039397,6.890670428,9.416809951,4.136413395,9.930856304,5.558364651,11.43790641,12.18761954,6.685754216,3.659053503,6.812897153,3.725216298,9.261496845,6.101133048,9.816582349,8.386889986,9.852873522,5.156638917,13.43704221,5.955365568,16.46212854,5.213517648,29.53156647,39.69307067,35.1876187,17.33365539,12.47307708,7.984688884,16.2847593,8.622166105,10.88038935,4.799475779,12.75319755,7.464358456,9.050899898,5.78176018,13.58909674,11.58768427,5.324387506,6.991888143,10.52814135,6.974893889,5.792073339,5.476361522,10.36418951,6.447549074,7.083867925,5.548950388,12.07922941,10.08627885,4.816725194,3.804938981,10.23601755,9.919251815,6.201640555,8.254556917,12.21058588,10.85813443,7.405500573,8.84578808,12.81175112,9.9840533,7.000358235,16.04930115,29.72753109,37.16399439,36.23572903,29.4238348,21.78981323,17.82637003,16.28292818,14.02592489,11.54244675,9.829453809,7.706681285,4.654889002,4.760974593,7.526011394,8.152816211,6.662166012,5.467760196,6.925435158,7.883586041,10.24027772,12.37425507,12.23540102,9.539007222,6.623999905,8.575800206,9.917541049,8.782412222,3.999692972,4.334870068,6.135786914,5.42620836,3.089469507,4.724307388,6.41738086,6.615568715,4.28973532,3.518450367,5.957698126,5.856911791,4.654462415,3.671143564,6.166634135,8.141434766,8.122138456,7.755066351,8.259004048,7.5920099,5.842152704,4.637131262,5.417455107,5.12317611,3.921579764,3.012752119,4.94934434,5.52201091,4.505916871,3.883336023,5.230199506,6.007281758,5.472161793,4.421342726,3.858645172,6.359814258,3.891910693,5.353349682,5.768402934,5.212479002,3.479699369,2.685459192,3.678151759,4.464778247,4.714811277,3.562501775,4.765401804,4.965438358,3.62097595,4.073918983,4.702752911,5.320466267,4.402431057,3.752424813,5.024108406,4.713419202,4.402157633,3.741710203,4.657725306,4.297809799,5.003552449,6.043943171,4.742834206,3.464271787,5.921608216,4.559474775,3.724050736,4.496628489,3.452748136,3.632046431,4.238612878,4.353142609,3.204239704,3.485199595
5.169530349,11.97127394,8.864818917,5.531283279,5.102117107,5.335286034,3.812624554,5.650589818,4.747792878,7.966734557,8.06471859,5.453109669,4.930819605,5.321323446,3.524329176,4.540906217,3.723298274,6.332291084,4.288625997,5.679973387,4.194382671,6.86992145,4.39226546,6.16953481,3.867789638,7.092152089,5.538770197,5.695540521,3.562101408,8.582187945,9.142655657,5.949447734,4.150984285,4.758500895,3.877813092,4.724273228,6.667224106,8.310447554,3.815276324,9.084043028,3.990931588,11.55040345,12.31368043,7.249805478,3.45833452,6.05149741,3.578678953,7.720543068,5.531506039,8.444894917,7.923691787,10.1347055,6.531144306,11.38046716,5.772687888,14.99099162,6.365128082,25.63802095,34.42691289,30.51761119,15.22050204,10.44731786,7.627833095,14.55059594,8.353852676,9.083565677,4.005770205,10.73525007,5.918386832,8.270312182,4.415597371,11.38711958,9.805681881,5.230759244,6.859566358,10.0180676,7.288865218,5.370881331,5.806717781,9.929912666,7.285065279,4.825850108,5.512608779,11.05886364,9.293228783,5.184279854,4.052551126,9.093133357,10.10216207,7.053311545,7.580221236,10.70583165,9.844383337,7.366316717,8.807933831,12.58404972,10.14369066,6.644233661,14.58773433,26.91888617,34.53939026,34.7463202,28.9143209,20.81473524,15.67536975,14.67237605,14.22255632,13.08185342,11.21884673,8.381999832,4.660072519,4.071369944,6.389557961,7.22595131,6.110050066,4.855755517,6.179308275,7.790151406,9.919281196,11.34231287,10.60252662,7.902255814,5.697653804,7.844242517,9.317926543,8.33375515,5.080444338,4.004275329,5.853189296,6.117106352,4.496618472,4.071806782,5.155250268,5.726342135,5.315589493,4.837991721,4.803722754,4.871746467,5.036333005,5.193586217,6.428937567,6.689004532,7.366937607,8.289373345,9.112472757,7.836048292,4.843291034,5.070649766,4.769366567,4.469366703,3.846206649,4.088490643,4.652367001,4.797789559,3.790071487,3.840945052,5.357493198,6.200137443,5.605000205,4.569901478,3.278918294,4.449334328,3.748973798,4.329320172,5.055594664,4.335792798,3.769761778,3.227554921,3.642427583,3.548203266,3.685875257,3.767661882,5.112089211,5.641706494,3.632536614,4.024685177,4.640684525,4.8057817,4.631342839,3.248949171,3.351871167,3.805531894,4.516079142,3.823111485,4.094853271,4.106223889,3.516246075,4.862183499,3.946261978,3.489195399,4.832531623,4.322716015,3.468348849,3.657767573,3.502704749,3.816936981,3.835100604,3.980820943,3.143735756,3.351141454
2.794643946,11.10681464,7.759778038,7.216324794,5.378854257,7.383210455,5.863545164,6.102805678,2.722686037,7.203109279,6.027139282,2.756930441,4.022156204,3.824103552,4.607208119,6.350301826,4.303762907,7.510670114,4.492039628,6.919340016,3.928034822,9.074260429,4.504549125,8.466503677,5.002682993,8.11868348,5.307067452,7.398886218,3.102428463,10.95280246,10.80897837,6.43728158,5.567541986,6.326860532,4.46611956,5.216348126,7.693895068,10.61110357,2.763776915,10.30409102,3.279417025,13.32247307,10.94353512,2.917105979,5.853898068,9.340530779,4.663442458,10.43258135,3.818602794,11.80189719,5.573115316,12.02304634,1.923362765,16.59077375,5.834318434,21.47517179,6.376358192,38.78847916,50.36931619,43.15177384,18.40398483,19.80575475,6.98692321,18.03042159,4.987163896,15.60586345,4.641863174,15.21478878,7.894405859,11.71715349,8.667681337,18.74963658,17.0690852,7.233603616,4.798794558,9.036624497,5.894056703,6.556493756,6.569156342,11.77215025,7.94290306,7.461775204,3.210807347,10.56560752,8.013129481,6.693735775,5.690861214,14.62017025,15.89753003,11.4264731,7.836889327,8.383571652,4.195719021,3.296918467,8.248788822,12.41469494,5.154876088,5.002985736,23.16393212,40.45946904,49.16291731,47.10640184,36.19500191,21.08922566,11.74696945,10.3927371,8.839197373,6.014476427,5.557400065,6.158646064,4.940542914,6.217061147,10.70931282,13.44691264,11.7029379,4.287079195,1.459182816,8.796742837,15.48344696,16.61285559,12.30666043,7.270361299,7.338521469,11.02027672,10.07560251,5.838709541,3.593701336,6.683812791,7.636092683,6.090510425,4.487294107,3.709059332,6.611919151,5.273412676,3.664548991,4.871866725,5.547194465,4.072892425,5.432600409,5.427519933,4.960277438,4.400482962,6.334347585,8.750978562,9.703510007,7.920970368,5.607400293,3.543924545,3.909023513,1.816641186,2.656733324,3.004860306,5.085932377,4.760946006,3.584207017,4.582902392,5.114891793,3.721390316,3.68476126,5.109830622,3.163172881,4.572642064,3.952220673,6.56860632,6.360252622,5.294318263,4.402390004,4.606311463,5.332398071,4.907888513,2.304204513,2.93657511,5.526046052,5.456332025,3.097959623,3.655935983,5.431211041,6.644417098,4.328260574,2.437129595,5.067733147,4.554292132,3.782857444,5.235737996,4.343297727,3.888065038,3.547222511,4.612797495,5.670929551,3.356355194,5.046580458,4.126167921,3.42905322,4.699793066,2.125616125,3.254837628,3.797531933,3.936760058,4.289885604,3.986115613
4.301933078,12.22966046,9.801859065,4.568070519,5.015263469,5.525849889,4.009152173,6.137443605,4.292561416,8.435578765,9.315437674,6.636244468,4.422681221,4.297964126,3.856758057,3.40290342,5.188918701,6.669024874,4.706766189,5.399571494,5.531749083,7.885707138,6.042816414,6.013492623,4.62779029,6.688321794,6.04194118,4.888200476,3.512778105,8.306466003,9.024211858,6.051072583,2.899283676,6.356335223,4.692756083,3.902886556,5.060238504,7.460967532,4.997624933,7.524642152,4.986404369,10.59129914,12.43407998,7.80048822,2.012167791,4.61447358,2.25176205,7.439417199,5.723211517,7.986188471,8.971880142,7.783008375,5.751963294,9.826087264,4.284270845,12.45165121,5.348095928,22.80490557,30.31694598,26.99523158,14.17060752,7.394830462,8.80598573,13.35732442,7.988108923,7.486131977,5.247808669,10.00830139,5.672577484,6.910477994,4.632323679,9.852200519,7.891077053,4.170793603,7.592629487,9.767988294,6.196636282,4.526878339,6.230719922,9.705456663,6.608686202,5.055226879,6.283746233,10.97390658,9.385966243,4.807163667,1.865758975,7.039272191,7.884929145,6.916420625,9.827228384,12.13575288,10.64057999,6.997079687,9.221025277,11.36901418,8.207028399,4.868442846,14.09931641,24.91452037,31.07904275,30.89087069,26.63631459,22.54392582,19.78922336,16.85044804,14.67204434,13.67310557,12.11629741,8.472793638,4.455548216,3.05921821,5.732943577,6.146860199,5.535579988,5.686097341,7.67373118,7.384817574,8.627961323,10.3424369,10.38742332,7.615360591,5.366516701,7.29595737,8.822516907,7.263146533,4.737767213,3.831869591,5.910801453,5.19265584,3.466084147,3.598204042,5.491128216,6.722971116,4.974877507,3.471646606,5.233875116,6.299378993,4.790788324,3.742804987,6.783295583,7.52944218,7.244198392,7.092035577,7.95895871,7.786594176,6.323370062,5.247600596,5.414913578,5.234601124,3.462278605,3.237192149,3.262433329,3.071415227,3.195044723,4.634968764,6.440233957,6.968920002,4.97837428,3.489729446,3.093420695,3.955994223,3.373981569,3.246117816,3.850725509,3.37334415,4.948692362,3.493307795,2.783304683,3.573008478,4.240030443,3.300034087,3.747563911,4.659997276,3.55089356,3.129285708,3.989293523,4.562385333,4.598865988,4.753222524,3.026739015,4.563635916,5.816686421,2.321922114,5.094482597,5.263533719,4.063517603,6.626017249,5.025601141,4.223022425,4.971985405,3.416833968,4.76517427,4.85962378,4.655941261,2.817789576,3.309454251,3.232622376,4.293338463,4.153411234
6.980154445,12.30284038,9.993305119,4.055334639,4.389934533,4.861829297,3.449899932,5.483661292,6.096643839,8.072982467,8.891749901,6.704522473,5.420498241,5.99251796,2.659649525,4.135213566,2.604154198,5.274358222,3.756101459,4.43335375,5.451553713,5.602502088,5.062952833,4.401767045,3.197408832,5.890567029,5.015321094,4.891227758,4.037146923,6.894801758,7.799618645,6.347888926,3.41611502,5.435117328,3.076267515,4.421903174,5.588577606,6.978889294,4.483436134,8.095351553,4.719052614,10.74915566,13.27077941,9.164009974,0.588820318,4.260164681,2.182580957,6.203995436,5.395550348,6.04740506,9.087673143,8.138049639,6.902803789,8.232883943,5.603601561,11.21422412,5.907226374,18.32856635,25.15274892,22.84104895,12.69267277,6.17426673,8.047838789,12.01748121,7.517996155,5.47785847,4.053044847,8.118246031,4.450497058,6.594707816,1.507188219,6.695668238,5.088538424,3.072343852,7.618717606,9.908933172,7.329533057,4.619057343,4.690684246,8.132554393,6.23138461,3.741573365,6.490055923,10.73431739,9.897129402,3.728999861,0.9886964137,4.839872283,7.204625962,7.065622283,8.816147046,10.76778883,10.45987429,7.579171785,9.577835326,11.36784007,10.08344514,7.545266051,10.65669241,18.76290726,24.89811913,26.7967113,25.62233003,23.38671882,20.03341131,16.44325875,15.52801671,16.54857962,14.75975291,9.245250789,3.550845274,1.381687839,3.268517919,4.033328199,4.870800234,6.552097749,8.923003674,6.230741113,6.807572747,8.80711214,9.368179512,6.528377528,2.630931907,5.356512139,8.182135822,8.225145386,5.618462099,2.525369021,5.159269226,5.00498101,3.492448652,3.412208042,4.691440753,6.137858021,5.98491847,4.536577293,4.882071352,5.386344972,5.439165367,4.204765768,8.170902894,8.1597466,7.392124041,7.389332792,8.143516705,6.979001872,3.858148035,5.291495572,5.193359848,5.992048454,4.054116966,3.867016655,3.964956566,4.351471251,3.334973003,3.727735801,5.364409697,6.956136462,6.126153353,4.599609529,2.713340694,2.987028458,1.717823226,1.956878427,3.964158029,3.195790532,4.037321037,2.432965783,2.173161679,2.777765668,3.329086182,3.122785305,4.668866464,5.145263798,2.809999284,4.144534685,4.126794146,4.172399853,5.259768163,3.889605604,1.478562913,3.542460356,5.690432572,1.762133469,3.675400753,4.323148023,4.558498712,6.517729351,4.254251954,3.588451155,4.945912988,4.185192348,4.545262806,4.052183806,4.467038816,3.18817915,3.812841538,3.949153078,3.418181815,3.238472364
3.69892551,11.35458175,8.823755799,6.17504703,6.178852109,5.26156521,4.650511234,4.997205012,3.758207039,6.983784264,6.800446378,3.43296444,3.478486133,3.526004727,4.64732569,5.771405853,5.181208506,8.050082096,3.895018191,4.546465691,5.666314793,7.81800708,3.929707615,7.078951968,4.00118845,7.494284178,4.570243603,6.917485311,2.887807789,10.24500079,10.36553385,6.176725985,3.626503258,4.906364206,4.550253181,5.206873822,7.003984964,9.274322336,3.172784178,8.901231226,2.988140188,12.42175302,11.31607295,5.153494446,4.456080113,7.206788436,4.314114502,8.595102952,4.186831051,9.308760614,6.211723031,10.79373183,3.874176277,13.27449138,5.441010525,17.72897397,6.919709206,31.32470783,41.12610301,35.67985849,16.25049537,15.28280009,7.010280955,15.58538959,5.202701974,11.63627151,5.248429548,12.85153352,6.275280371,9.846981079,7.503358519,15.46427517,13.54262456,6.061371525,5.754014979,9.581171416,6.82653026,5.589391527,6.639595104,11.25449234,8.096928369,6.920879429,2.978140595,10.16856075,8.521555126,5.36506057,5.20770367,12.12175876,13.5210263,10.03952445,8.136585258,9.399041233,6.355862735,4.99531498,8.378134174,12.38042697,7.046824352,5.19673287,20.59284517,35.76570477,43.93194813,42.4013119,32.94520477,20.27374056,13.30647889,12.93122617,11.5167192,8.668929652,7.510105714,7.485927941,5.370096484,4.613720827,8.253310636,10.54754082,9.604438081,5.076212708,3.120874942,8.969216827,13.30367651,13.95723772,10.95882653,7.216095609,7.215985816,10.07392619,9.662232384,6.299653251,4.616076968,5.517518081,7.571960865,6.513565379,5.148656543,3.890678908,5.75469859,5.228178481,4.22803741,4.763777725,4.981165563,4.106276613,5.005331026,4.495360372,4.494855533,3.772733058,5.715728997,8.411177183,9.752240256,8.127785732,5.166026542,4.140464127,4.276030026,3.229940204,3.721191392,3.829578566,5.745550405,5.509239888,3.700728047,4.538432336,5.837284383,5.040285934,4.245441674,4.323930696,3.808698347,4.540533306,4.576090449,4.778729582,5.264632813,4.597152333,5.059755076,4.160753473,4.334400622,4.858017486,3.210039691,3.537738654,4.9640507,5.146057444,3.378376687,3.994083192,5.711085343,6.043941464,4.961325797,3.02867391,3.340444468,4.580803699,4.506371923,4.121795754,4.921709728,4.56230564,3.249822403,4.783269591,5.227294742,3.934315792,4.773661782,4.225062757,3.735347815,4.985075737,3.311538472,3.513910156,3.272825423,2.975978547,4.381536822,3.549842968
3.962660864,11.71513995,8.846767642,4.957842178,6.11869973,3.936823011,3.902700352,4.055770977,3.271808235,7.079744444,7.602021062,4.905786212,4.11596824,2.986756191,4.952935494,5.636804213,5.291206803,7.457062947,2.45808056,7.716094354,3.003632153,6.449520773,4.096757954,6.536662516,4.555414434,6.44326709,5.187311849,5.130113081,2.912847741,8.441060985,9.293119221,6.008312969,3.942480403,4.215079776,6.188419294,5.414555691,6.67746245,8.617406721,2.917932051,7.990343916,2.828814681,11.77782364,11.71574234,7.503708459,5.332858835,4.673359874,5.959791794,6.240115018,5.125930565,6.351168211,7.237066565,9.645057667,5.717810076,11.10923512,5.9007475,13.8934218,5.776638876,24.65784337,33.62512215,30.51244353,16.38681373,10.05392457,6.957168563,13.48680549,5.399022713,8.570426813,5.427245159,11.28191831,5.983052459,7.811337584,7.644855134,13.38145065,11.06648951,4.834490056,7.075156675,10.93617427,8.775104234,4.433988866,6.726592972,11.01117095,8.186012707,6.282933673,4.238098471,11.49070437,10.91521195,3.306095135,6.374249155,10.39475522,10.51148725,5.271075941,5.415129163,10.24127298,10.0349906,9.739629787,10.95174018,13.8559312,10.1524274,6.183855754,18.83874222,32.81707494,40.28709874,38.28359244,28.85688027,17.55672587,14.17662464,16.68313792,15.25403861,11.23449295,8.963876802,8.387388418,5.346336941,4.577098557,7.565857437,8.610086477,7.037477929,5.918215171,5.042043828,9.428805991,10.88393398,11.52082094,10.8049797,9.195245492,8.115231835,10.14361532,10.94183446,9.317050403,5.111676445,4.693042518,6.767432315,7.611490458,5.750707607,3.686005735,4.673176475,4.967294761,4.002353419,4.221135534,5.452932513,4.474225647,5.593620436,4.348280999,4.239859149,4.540434551,5.794591606,7.658155782,9.327896405,8.596565404,5.229964031,2.669790305,3.794463672,3.014612025,5.037053324,3.740563634,7.638565301,7.942491089,4.475571851,3.09568862,5.279754092,5.525614176,5.138545354,3.850028872,4.526474746,6.576743344,5.848412106,4.284709744,4.739759266,5.787218629,4.649395166,3.686422285,4.506705864,6.085740663,3.320529503,3.807633408,4.813178612,4.706118022,3.58459559,5.085257144,5.990234949,5.606516802,4.513266899,3.880512423,4.790261065,3.67390233,4.680236995,5.012209316,4.0887633,3.865369906,4.272121456,4.663923736,4.074008477,4.877788673,5.875435376,4.68811019,3.648890965,5.301187381,3.159656507,4.091145214,3.537379226,3.217923892,3.913805931,2.705481615
